Month,PortRegion,Australian,International ,Airline ,Allflights
Dec-19,Middle East,Melbourne,Abu Dhabi,Etihad Airways,  62
Dec-19,New Zealand,Melbourne,Auckland,Air New Zealand,  118
Dec-19,New Zealand,Melbourne,Auckland,Jetstar,  41
Dec-19,New Zealand,Melbourne,Auckland,Qantas Airways,  135
Dec-19,New Zealand,Melbourne,Auckland,Virgin Australia,  63
Dec-19,SE Asia,Melbourne,Bandar Seri Begawan,Royal Brunei Airlines,  31
Dec-19,SE Asia,Melbourne,Bangkok,Jetstar,  13
Dec-19,SE Asia,Melbourne,Bangkok,Thai Airways International,  62
Dec-19,NE Asia,Melbourne,Beijing,Air China,  31
Dec-19,NE Asia,Melbourne,Changsha,Hainan Airlines,  9
Dec-19,NE Asia,Melbourne,Chengdu,Sichuan Airlines,  9
Dec-19,NE Asia,Melbourne,Chongqing,Tianjin Airlines,  12
Dec-19,New Zealand,Melbourne,Christchurch,Air New Zealand,  46
Dec-19,New Zealand,Melbourne,Christchurch,Jetstar,  25
Dec-19,New Zealand,Melbourne,Christchurch,Qantas Airways,  33
Dec-19,New Zealand,Melbourne,Christchurch,Virgin Australia,  32
Dec-19,S Asia,Melbourne,Colombo,SriLankan Airlines,  31
Dec-19,SE Asia,Melbourne,Denpasar,Garuda Indonesia,  30
Dec-19,SE Asia,Melbourne,Denpasar,Jetstar,  65
Dec-19,SE Asia,Melbourne,Denpasar,Malindo Air,  31
Dec-19,SE Asia,Melbourne,Denpasar,Qantas Airways,  31
Dec-19,Middle East,Melbourne,Doha,Qatar Airways,  31
Dec-19,Middle East,Melbourne,Dubai,Emirates,  62
Dec-19,Middle East,Melbourne,Dubai,Emirates,  31
Dec-19,NE Asia,Melbourne,Guangzhou,China Southern Airlines,  80
Dec-19,NE Asia,Melbourne,Guiyang,Sichuan Airlines,  8
Dec-19,NE Asia,Melbourne,Haikou,Hainan Airlines,  9
Dec-19,NE Asia,Melbourne,Hangzhou,Xiamen Airlines,  8
Dec-19,SE Asia,Melbourne,Ho Chi Minh City,Jetstar,  14
Dec-19,SE Asia,Melbourne,Ho Chi Minh City,Vietnam Airlines,  31
Dec-19,NE Asia,Melbourne,Hong Kong,Cathay Pacific Airways,  93
Dec-19,NE Asia,Melbourne,Hong Kong,Qantas Airways,  30
Dec-19,NE Asia,Melbourne,Hong Kong,Virgin Australia,  30
Dec-19,N America,Melbourne,Honolulu,Jetstar,  10
Dec-19,SE Asia,Melbourne,Jakarta,Garuda Indonesia,  20
Dec-19,SE Asia,Melbourne,Kuala Lumpur,AirAsia X,  62
Dec-19,SE Asia,Melbourne,Kuala Lumpur,Malaysia Airlines,  76
Dec-19,SE Asia,Melbourne,Kuala Lumpur,Malindo Air,  31
Dec-19,Europe,Melbourne,London,Qantas Airways,  28
Dec-19,N America,Melbourne,Los Angeles,Qantas Airways,  39
Dec-19,N America,Melbourne,Los Angeles,United Airlines,  28
Dec-19,N America,Melbourne,Los Angeles,Virgin Australia,  21
Dec-19,SE Asia,Melbourne,Manila,Cebu Pacific Air,  14
Dec-19,SE Asia,Melbourne,Manila,Philippine Airlines,  30
Dec-19,Islands,Melbourne,Nadi,Fiji Airways,  33
Dec-19,Islands,Melbourne,Nadi,Virgin Australia,  18
Dec-19,S Asia,Melbourne,New Delhi,Air India,  13
Dec-19,Islands,Melbourne,Noumea,Air Caledonie,  13
Dec-19,SE Asia,Melbourne,Phuket,Jetstar,  17
Dec-19,Islands,Melbourne,Port Vila,Air Vanuatu,  13
Dec-19,NE Asia,Melbourne,Qingdao,Beijing Capital Airlines,  13
Dec-19,New Zealand,Melbourne,Queenstown,Air New Zealand,  24
Dec-19,New Zealand,Melbourne,Queenstown,Jetstar,  39
Dec-19,New Zealand,Melbourne,Queenstown,Qantas Airways,  2
Dec-19,New Zealand,Melbourne,Queenstown,Virgin Australia,  17
Dec-19,N America,Melbourne,San Francisco,Qantas Airways,  15
Dec-19,N America,Melbourne,San Francisco,United Airlines,  13
Dec-19,S America,Melbourne,Santiago,LATAM Airlines,  12
Dec-19,NE Asia,Melbourne,Seoul,Jetstar,  3
Dec-19,NE Asia,Melbourne,Shanghai,China Eastern Airlines,  62
Dec-19,NE Asia,Melbourne,Shenzhen,China Southern Airlines,  14
Dec-19,SE Asia,Melbourne,Singapore,Emirates,  31
Dec-19,SE Asia,Melbourne,Singapore,Jetstar,  1
Dec-19,SE Asia,Melbourne,Singapore,Qantas Airways,  61
Dec-19,SE Asia,Melbourne,Singapore,Scoot Tigerair,  52
Dec-19,SE Asia,Melbourne,Singapore,Singapore Airlines,  124
Dec-19,SE Asia,Melbourne,Singapore,Singapore Airlines,  17
Dec-19,NE Asia,Melbourne,Taipei,China Airlines,  18
Dec-19,NE Asia,Melbourne,Tokyo,Japan Airlines,  31
Dec-19,NE Asia,Melbourne,Tokyo,Jetstar,  1
Dec-19,NE Asia,Melbourne,Tokyo,Qantas Airways,  31
Dec-19,N America,Melbourne,Vancouver,Air Canada,  17
Dec-19,New Zealand,Melbourne,Wellington,Air New Zealand,  30
Dec-19,New Zealand,Melbourne,Wellington,Qantas Airways,  34
Dec-19,New Zealand,Melbourne,Wellington,Singapore Airlines,  18
Dec-19,NE Asia,Melbourne,Xiamen,Xiamen Airlines,  8
Dec-19,NE Asia,Melbourne,Xiamen,Xiamen Airlines,  14
Dec-19,Middle East,Melbourne,Abu Dhabi,Etihad Airways,  62
Dec-19,New Zealand,Melbourne,Auckland,Air New Zealand,  114
Dec-19,New Zealand,Melbourne,Auckland,Jetstar,  41
Dec-19,New Zealand,Melbourne,Auckland,Qantas Airways,  134
Dec-19,New Zealand,Melbourne,Auckland,Virgin Australia,  63
Dec-19,SE Asia,Melbourne,Bandar Seri Begawan,Royal Brunei Airlines,  31
Dec-19,SE Asia,Melbourne,Bangkok,Jetstar,  13
Dec-19,SE Asia,Melbourne,Bangkok,Thai Airways International,  62
Dec-19,NE Asia,Melbourne,Beijing,Air China,  31
Dec-19,NE Asia,Melbourne,Changsha,Hainan Airlines,  9
Dec-19,NE Asia,Melbourne,Chengdu,Sichuan Airlines,  9
Dec-19,NE Asia,Melbourne,Chongqing,Tianjin Airlines,  12
Dec-19,New Zealand,Melbourne,Christchurch,Air New Zealand,  45
Dec-19,New Zealand,Melbourne,Christchurch,Jetstar,  26
Dec-19,New Zealand,Melbourne,Christchurch,Qantas Airways,  33
Dec-19,New Zealand,Melbourne,Christchurch,Virgin Australia,  32
Dec-19,S Asia,Melbourne,Colombo,SriLankan Airlines,  31
Dec-19,SE Asia,Melbourne,Denpasar,Garuda Indonesia,  30
Dec-19,SE Asia,Melbourne,Denpasar,Jetstar,  66
Dec-19,SE Asia,Melbourne,Denpasar,Jetstar,  1
Dec-19,SE Asia,Melbourne,Denpasar,Malindo Air,  31
Dec-19,SE Asia,Melbourne,Denpasar,Qantas Airways,  31
Dec-19,Middle East,Melbourne,Doha,Qatar Airways,  31
Dec-19,Middle East,Melbourne,Dubai,Emirates,  62
Dec-19,Middle East,Melbourne,Dubai,Emirates,  31
Dec-19,NE Asia,Melbourne,Guangzhou,China Southern Airlines,  80
Dec-19,NE Asia,Melbourne,Guiyang,Sichuan Airlines,  8
Dec-19,NE Asia,Melbourne,Haikou,Hainan Airlines,  9
Dec-19,NE Asia,Melbourne,Hangzhou,Xiamen Airlines,  9
Dec-19,SE Asia,Melbourne,Ho Chi Minh City,Jetstar,  13
Dec-19,SE Asia,Melbourne,Ho Chi Minh City,Vietnam Airlines,  31
Dec-19,NE Asia,Melbourne,Hong Kong,Cathay Pacific Airways,  93
Dec-19,NE Asia,Melbourne,Hong Kong,Qantas Airways,  30
Dec-19,NE Asia,Melbourne,Hong Kong,Virgin Australia,  30
Dec-19,N America,Melbourne,Honolulu,Jetstar,  10
Dec-19,SE Asia,Melbourne,Jakarta,Garuda Indonesia,  21
Dec-19,SE Asia,Melbourne,Kuala Lumpur,AirAsia X,  62
Dec-19,SE Asia,Melbourne,Kuala Lumpur,Malaysia Airlines,  77
Dec-19,SE Asia,Melbourne,Kuala Lumpur,Malindo Air,  31
Dec-19,Europe,Melbourne,London,Qantas Airways,  28
Dec-19,N America,Melbourne,Los Angeles,Qantas Airways,  39
Dec-19,N America,Melbourne,Los Angeles,United Airlines,  25
Dec-19,N America,Melbourne,Los Angeles,Virgin Australia,  22
Dec-19,SE Asia,Melbourne,Manila,Cebu Pacific Air,  13
Dec-19,SE Asia,Melbourne,Manila,Philippine Airlines,  30
Dec-19,Islands,Melbourne,Nadi,Fiji Airways,  33
Dec-19,Islands,Melbourne,Nadi,Virgin Australia,  18
Dec-19,S Asia,Melbourne,New Delhi,Air India,  13
Dec-19,Islands,Melbourne,Noumea,Air Caledonie,  13
Dec-19,SE Asia,Melbourne,Phuket,Jetstar,  17
Dec-19,Islands,Melbourne,Port Vila,Air Vanuatu,  13
Dec-19,NE Asia,Melbourne,Qingdao,Beijing Capital Airlines,  13
Dec-19,New Zealand,Melbourne,Queenstown,Air New Zealand,  24
Dec-19,New Zealand,Melbourne,Queenstown,Jetstar,  39
Dec-19,New Zealand,Melbourne,Queenstown,Qantas Airways,  2
Dec-19,New Zealand,Melbourne,Queenstown,Virgin Australia,  17
Dec-19,N America,Melbourne,San Francisco,Qantas Airways,  15
Dec-19,N America,Melbourne,San Francisco,United Airlines,  13
Dec-19,S America,Melbourne,Santiago,LATAM Airlines,  11
Dec-19,NE Asia,Melbourne,Seoul,Jetstar,  4
Dec-19,NE Asia,Melbourne,Shanghai,China Eastern Airlines,  62
Dec-19,NE Asia,Melbourne,Shenzhen,China Southern Airlines,  14
Dec-19,SE Asia,Melbourne,Singapore,Emirates,  31
Dec-19,SE Asia,Melbourne,Singapore,Jetstar,  1
Dec-19,SE Asia,Melbourne,Singapore,Qantas Airways,  61
Dec-19,SE Asia,Melbourne,Singapore,Scoot Tigerair,  52
Dec-19,SE Asia,Melbourne,Singapore,Singapore Airlines,  124
Dec-19,SE Asia,Melbourne,Singapore,Singapore Airlines,  18
Dec-19,NE Asia,Melbourne,Taipei,China Airlines,  18
Dec-19,NE Asia,Melbourne,Tokyo,Japan Airlines,  31
Dec-19,NE Asia,Melbourne,Tokyo,Jetstar,  1
Dec-19,NE Asia,Melbourne,Tokyo,Qantas Airways,  31
Dec-19,N America,Melbourne,Vancouver,Air Canada,  17
Dec-19,New Zealand,Melbourne,Wellington,Air New Zealand,  30
Dec-19,New Zealand,Melbourne,Wellington,Qantas Airways,  34
Dec-19,New Zealand,Melbourne,Wellington,Singapore Airlines,  17
Dec-19,NE Asia,Melbourne,Xiamen,Xiamen Airlines,  9
Dec-19,NE Asia,Melbourne,Xiamen,Xiamen Airlines,  13
Jan-20,Middle East,Melbourne,Abu Dhabi,Etihad Airways,  62
Jan-20,New Zealand,Melbourne,Auckland,Air New Zealand,  117
Jan-20,New Zealand,Melbourne,Auckland,Jetstar,  45
Jan-20,New Zealand,Melbourne,Auckland,Qantas Airways,  129
Jan-20,New Zealand,Melbourne,Auckland,Virgin Australia,  61
Jan-20,SE Asia,Melbourne,Bandar Seri Begawan,Royal Brunei Airlines,  31
Jan-20,SE Asia,Melbourne,Bangkok,Jetstar,  13
Jan-20,SE Asia,Melbourne,Bangkok,Thai Airways International,  62
Jan-20,NE Asia,Melbourne,Beijing,Air China,  31
Jan-20,NE Asia,Melbourne,Changsha,Hainan Airlines,  9
Jan-20,NE Asia,Melbourne,Chengdu,Sichuan Airlines,  9
Jan-20,NE Asia,Melbourne,Chongqing,Tianjin Airlines,  13
Jan-20,New Zealand,Melbourne,Christchurch,Air New Zealand,  47
Jan-20,New Zealand,Melbourne,Christchurch,Jetstar,  27
Jan-20,New Zealand,Melbourne,Christchurch,Qantas Airways,  32
Jan-20,New Zealand,Melbourne,Christchurch,Virgin Australia,  31
Jan-20,S Asia,Melbourne,Colombo,SriLankan Airlines,  31
Jan-20,SE Asia,Melbourne,Denpasar,Citilink Indonesia,  7
Jan-20,SE Asia,Melbourne,Denpasar,Garuda Indonesia,  32
Jan-20,SE Asia,Melbourne,Denpasar,Jetstar,  74
Jan-20,SE Asia,Melbourne,Denpasar,Malindo Air,  31
Jan-20,SE Asia,Melbourne,Denpasar,Qantas Airways,  31
Jan-20,Middle East,Melbourne,Doha,Qatar Airways,  31
Jan-20,Middle East,Melbourne,Dubai,Emirates,  62
Jan-20,Middle East,Melbourne,Dubai,Emirates,  31
Jan-20,NE Asia,Melbourne,Guangzhou,China Southern Airlines,  93
Jan-20,NE Asia,Melbourne,Guiyang,Sichuan Airlines,  9
Jan-20,NE Asia,Melbourne,Haikou,Hainan Airlines,  9
Jan-20,NE Asia,Melbourne,Hangzhou,Xiamen Airlines,  9
Jan-20,SE Asia,Melbourne,Ho Chi Minh City,Jetstar,  12
Jan-20,SE Asia,Melbourne,Ho Chi Minh City,Vietnam Airlines,  31
Jan-20,NE Asia,Melbourne,Hong Kong,Cathay Pacific Airways,  93
Jan-20,NE Asia,Melbourne,Hong Kong,Qantas Airways,  30
Jan-20,NE Asia,Melbourne,Hong Kong,Virgin Australia,  31
Jan-20,N America,Melbourne,Honolulu,Jetstar,  12
Jan-20,SE Asia,Melbourne,Jakarta,Garuda Indonesia,  18
Jan-20,SE Asia,Melbourne,Kuala Lumpur,AirAsia X,  62
Jan-20,SE Asia,Melbourne,Kuala Lumpur,Malaysia Airlines,  74
Jan-20,SE Asia,Melbourne,Kuala Lumpur,Malindo Air,  31
Jan-20,Europe,Melbourne,London,Qantas Airways,  31
Jan-20,N America,Melbourne,Los Angeles,Qantas Airways,  1
Jan-20,N America,Melbourne,Los Angeles,Qantas Airways,  38
Jan-20,N America,Melbourne,Los Angeles,Qantas Airways,  2
Jan-20,N America,Melbourne,Los Angeles,United Airlines,  31
Jan-20,N America,Melbourne,Los Angeles,Virgin Australia,  22
Jan-20,SE Asia,Melbourne,Manila,Cebu Pacific Air,  13
Jan-20,SE Asia,Melbourne,Manila,Philippine Airlines,  31
Jan-20,Islands,Melbourne,Nadi,Fiji Airways,  31
Jan-20,Islands,Melbourne,Nadi,Virgin Australia,  14
Jan-20,S Asia,Melbourne,New Delhi,Air India,  13
Jan-20,Islands,Melbourne,Noumea,Air Caledonie,  14
Jan-20,SE Asia,Melbourne,Phuket,Jetstar,  17
Jan-20,Islands,Melbourne,Port Vila,Air Vanuatu,  13
Jan-20,NE Asia,Melbourne,Qingdao,Beijing Capital Airlines,  14
Jan-20,New Zealand,Melbourne,Queenstown,Air New Zealand,  30
Jan-20,New Zealand,Melbourne,Queenstown,Jetstar,  43
Jan-20,New Zealand,Melbourne,Queenstown,Virgin Australia,  20
Jan-20,N America,Melbourne,San Francisco,Qantas Airways,  18
Jan-20,N America,Melbourne,San Francisco,United Airlines,  13
Jan-20,S America,Melbourne,Santiago,LATAM Airlines,  14
Jan-20,NE Asia,Melbourne,Seoul,Jetstar,  5
Jan-20,NE Asia,Melbourne,Shanghai,China Eastern Airlines,  71
Jan-20,NE Asia,Melbourne,Shenzhen,China Southern Airlines,  13
Jan-20,SE Asia,Melbourne,Singapore,Emirates,  31
Jan-20,SE Asia,Melbourne,Singapore,Qantas Airways,  61
Jan-20,SE Asia,Melbourne,Singapore,Scoot Tigerair,  54
Jan-20,SE Asia,Melbourne,Singapore,Singapore Airlines,  124
Jan-20,SE Asia,Melbourne,Singapore,Singapore Airlines,  23
Jan-20,NE Asia,Melbourne,Taipei,China Airlines,  18
Jan-20,NE Asia,Melbourne,Tokyo,Japan Airlines,  31
Jan-20,NE Asia,Melbourne,Tokyo,Qantas Airways,  1
Jan-20,NE Asia,Melbourne,Tokyo,Qantas Airways,  30
Jan-20,N America,Melbourne,Vancouver,Air Canada,  18
Jan-20,New Zealand,Melbourne,Wellington,Air New Zealand,  29
Jan-20,New Zealand,Melbourne,Wellington,Qantas Airways,  33
Jan-20,New Zealand,Melbourne,Wellington,Singapore Airlines,  22
Jan-20,NE Asia,Melbourne,Xiamen,Xiamen Airlines,  9
Jan-20,NE Asia,Melbourne,Xiamen,Xiamen Airlines,  13
Jan-20,Middle East,Melbourne,Abu Dhabi,Etihad Airways,  62
Jan-20,New Zealand,Melbourne,Auckland,Air New Zealand,  117
Jan-20,New Zealand,Melbourne,Auckland,Jetstar,  46
Jan-20,New Zealand,Melbourne,Auckland,Qantas Airways,  129
Jan-20,New Zealand,Melbourne,Auckland,Virgin Australia,  61
Jan-20,SE Asia,Melbourne,Bandar Seri Begawan,Royal Brunei Airlines,  31
Jan-20,SE Asia,Melbourne,Bangkok,Jetstar,  13
Jan-20,SE Asia,Melbourne,Bangkok,Thai Airways International,  62
Jan-20,NE Asia,Melbourne,Beijing,Air China,  31
Jan-20,NE Asia,Melbourne,Changsha,Hainan Airlines,  9
Jan-20,NE Asia,Melbourne,Chengdu,Sichuan Airlines,  9
Jan-20,NE Asia,Melbourne,Chongqing,Tianjin Airlines,  14
Jan-20,New Zealand,Melbourne,Christchurch,Air New Zealand,  47
Jan-20,New Zealand,Melbourne,Christchurch,Jetstar,  27
Jan-20,New Zealand,Melbourne,Christchurch,Qantas Airways,  33
Jan-20,New Zealand,Melbourne,Christchurch,Virgin Australia,  31
Jan-20,S Asia,Melbourne,Colombo,SriLankan Airlines,  31
Jan-20,SE Asia,Melbourne,Denpasar,Citilink Indonesia,  7
Jan-20,SE Asia,Melbourne,Denpasar,Garuda Indonesia,  32
Jan-20,SE Asia,Melbourne,Denpasar,Jetstar,  74
Jan-20,SE Asia,Melbourne,Denpasar,Malindo Air,  31
Jan-20,SE Asia,Melbourne,Denpasar,Qantas Airways,  31
Jan-20,Middle East,Melbourne,Doha,Qatar Airways,  31
Jan-20,Middle East,Melbourne,Dubai,Emirates,  62
Jan-20,Middle East,Melbourne,Dubai,Emirates,  31
Jan-20,NE Asia,Melbourne,Guangzhou,China Southern Airlines,  93
Jan-20,NE Asia,Melbourne,Guiyang,Sichuan Airlines,  9
Jan-20,NE Asia,Melbourne,Haikou,Hainan Airlines,  9
Jan-20,NE Asia,Melbourne,Hangzhou,Xiamen Airlines,  9
Jan-20,SE Asia,Melbourne,Ho Chi Minh City,Jetstar,  13
Jan-20,SE Asia,Melbourne,Ho Chi Minh City,Vietnam Airlines,  31
Jan-20,NE Asia,Melbourne,Hong Kong,Cathay Pacific Airways,  93
Jan-20,NE Asia,Melbourne,Hong Kong,Qantas Airways,  30
Jan-20,NE Asia,Melbourne,Hong Kong,Virgin Australia,  31
Jan-20,N America,Melbourne,Honolulu,Jetstar,  12
Jan-20,SE Asia,Melbourne,Jakarta,Garuda Indonesia,  19
Jan-20,SE Asia,Melbourne,Kuala Lumpur,AirAsia X,  62
Jan-20,SE Asia,Melbourne,Kuala Lumpur,Malaysia Airlines,  74
Jan-20,SE Asia,Melbourne,Kuala Lumpur,Malindo Air,  31
Jan-20,Europe,Melbourne,London,Qantas Airways,  31
Jan-20,N America,Melbourne,Los Angeles,Qantas Airways,  40
Jan-20,N America,Melbourne,Los Angeles,United Airlines,  31
Jan-20,N America,Melbourne,Los Angeles,Virgin Australia,  21
Jan-20,SE Asia,Melbourne,Manila,Cebu Pacific Air,  14
Jan-20,SE Asia,Melbourne,Manila,Philippine Airlines,  31
Jan-20,Islands,Melbourne,Nadi,Fiji Airways,  31
Jan-20,Islands,Melbourne,Nadi,Virgin Australia,  14
Jan-20,S Asia,Melbourne,New Delhi,Air India,  13
Jan-20,Islands,Melbourne,Noumea,Air Caledonie,  13
Jan-20,SE Asia,Melbourne,Phuket,Jetstar,  18
Jan-20,Islands,Melbourne,Port Vila,Air Vanuatu,  13
Jan-20,NE Asia,Melbourne,Qingdao,Beijing Capital Airlines,  14
Jan-20,New Zealand,Melbourne,Queenstown,Air New Zealand,  30
Jan-20,New Zealand,Melbourne,Queenstown,Jetstar,  43
Jan-20,New Zealand,Melbourne,Queenstown,Virgin Australia,  20
Jan-20,N America,Melbourne,San Francisco,Qantas Airways,  18
Jan-20,N America,Melbourne,San Francisco,United Airlines,  13
Jan-20,S America,Melbourne,Santiago,LATAM Airlines,  13
Jan-20,NE Asia,Melbourne,Seoul,Jetstar,  5
Jan-20,NE Asia,Melbourne,Shanghai,China Eastern Airlines,  71
Jan-20,NE Asia,Melbourne,Shenzhen,China Southern Airlines,  13
Jan-20,SE Asia,Melbourne,Singapore,Emirates,  31
Jan-20,SE Asia,Melbourne,Singapore,Qantas Airways,  61
Jan-20,SE Asia,Melbourne,Singapore,Scoot Tigerair,  54
Jan-20,SE Asia,Melbourne,Singapore,Singapore Airlines,  124
Jan-20,SE Asia,Melbourne,Singapore,Singapore Airlines,  22
Jan-20,NE Asia,Melbourne,Taipei,China Airlines,  18
Jan-20,NE Asia,Melbourne,Tokyo,Japan Airlines,  31
Jan-20,NE Asia,Melbourne,Tokyo,Qantas Airways,  31
Jan-20,N America,Melbourne,Vancouver,Air Canada,  18
Jan-20,New Zealand,Melbourne,Wellington,Air New Zealand,  28
Jan-20,New Zealand,Melbourne,Wellington,Qantas Airways,  32
Jan-20,New Zealand,Melbourne,Wellington,Singapore Airlines,  23
Jan-20,NE Asia,Melbourne,Xiamen,Xiamen Airlines,  9
Jan-20,NE Asia,Melbourne,Xiamen,Xiamen Airlines,  14
Feb-20,Middle East,Melbourne,Abu Dhabi,Etihad Airways,  58
Feb-20,New Zealand,Melbourne,Auckland,Air New Zealand,  96
Feb-20,New Zealand,Melbourne,Auckland,Jetstar,  30
Feb-20,New Zealand,Melbourne,Auckland,Qantas Airways,  113
Feb-20,New Zealand,Melbourne,Auckland,Virgin Australia,  54
Feb-20,SE Asia,Melbourne,Bandar Seri Begawan,Royal Brunei Airlines,  29
Feb-20,SE Asia,Melbourne,Bangkok,Jetstar,  13
Feb-20,SE Asia,Melbourne,Bangkok,Thai Airways International,  58
Feb-20,NE Asia,Melbourne,Beijing,Air China,  4
Feb-20,NE Asia,Melbourne,Chengdu,Sichuan Airlines,  2
Feb-20,New Zealand,Melbourne,Christchurch,Air New Zealand,  37
Feb-20,New Zealand,Melbourne,Christchurch,Jetstar,  24
Feb-20,New Zealand,Melbourne,Christchurch,Qantas Airways,  29
Feb-20,New Zealand,Melbourne,Christchurch,Virgin Australia,  29
Feb-20,S Asia,Melbourne,Colombo,SriLankan Airlines,  29
Feb-20,SE Asia,Melbourne,Denpasar,Citilink Indonesia,  18
Feb-20,SE Asia,Melbourne,Denpasar,Garuda Indonesia,  21
Feb-20,SE Asia,Melbourne,Denpasar,Jetstar,  54
Feb-20,SE Asia,Melbourne,Denpasar,Malindo Air,  29
Feb-20,SE Asia,Melbourne,Denpasar,Qantas Airways,  26
Feb-20,Middle East,Melbourne,Doha,Qatar Airways,  29
Feb-20,Middle East,Melbourne,Dubai,Emirates,  58
Feb-20,Middle East,Melbourne,Dubai,Emirates,  29
Feb-20,NE Asia,Melbourne,Guangzhou,China Southern Airlines,  24
Feb-20,NE Asia,Melbourne,Guiyang,Sichuan Airlines,  4
Feb-20,SE Asia,Melbourne,Ho Chi Minh City,Jetstar,  13
Feb-20,SE Asia,Melbourne,Ho Chi Minh City,Vietnam Airlines,  29
Feb-20,NE Asia,Melbourne,Hong Kong,Cathay Pacific Airways,  70
Feb-20,NE Asia,Melbourne,Hong Kong,Qantas Airways,  26
Feb-20,NE Asia,Melbourne,Hong Kong,Virgin Australia,  9
Feb-20,N America,Melbourne,Honolulu,Jetstar,  12
Feb-20,SE Asia,Melbourne,Jakarta,Garuda Indonesia,  17
Feb-20,SE Asia,Melbourne,Kuala Lumpur,AirAsia X,  58
Feb-20,SE Asia,Melbourne,Kuala Lumpur,Malaysia Airlines,  71
Feb-20,SE Asia,Melbourne,Kuala Lumpur,Malindo Air,  29
Feb-20,Europe,Melbourne,London,Qantas Airways,  26
Feb-20,N America,Melbourne,Los Angeles,Qantas Airways,  35
Feb-20,N America,Melbourne,Los Angeles,Qantas Airways,  2
Feb-20,N America,Melbourne,Los Angeles,United Airlines,  16
Feb-20,N America,Melbourne,Los Angeles,Virgin Australia,  21
Feb-20,SE Asia,Melbourne,Manila,Cebu Pacific Air,  12
Feb-20,SE Asia,Melbourne,Manila,Philippine Airlines,  21
Feb-20,Islands,Melbourne,Nadi,Fiji Airways,  21
Feb-20,Islands,Melbourne,Nadi,Virgin Australia,  9
Feb-20,S Asia,Melbourne,New Delhi,Air India,  13
Feb-20,Islands,Melbourne,Noumea,Air Caledonie,  11
Feb-20,SE Asia,Melbourne,Phuket,Jetstar,  16
Feb-20,Islands,Melbourne,Port Vila,Air Vanuatu,  6
Feb-20,NE Asia,Melbourne,Qingdao,Beijing Capital Airlines,  2
Feb-20,New Zealand,Melbourne,Queenstown,Air New Zealand,  20
Feb-20,New Zealand,Melbourne,Queenstown,Jetstar,  29
Feb-20,New Zealand,Melbourne,Queenstown,Virgin Australia,  16
Feb-20,N America,Melbourne,San Francisco,Qantas Airways,  16
Feb-20,N America,Melbourne,San Francisco,Qantas Airways,  1
Feb-20,N America,Melbourne,San Francisco,United Airlines,  13
Feb-20,S America,Melbourne,Santiago,LATAM Airlines,  13
Feb-20,NE Asia,Melbourne,Seoul,Jetstar,  4
Feb-20,NE Asia,Melbourne,Shanghai,China Eastern Airlines,  29
Feb-20,SE Asia,Melbourne,Singapore,Emirates,  29
Feb-20,SE Asia,Melbourne,Singapore,Qantas Airways,  58
Feb-20,SE Asia,Melbourne,Singapore,Scoot Tigerair,  36
Feb-20,SE Asia,Melbourne,Singapore,Singapore Airlines,  116
Feb-20,SE Asia,Melbourne,Singapore,Singapore Airlines,  21
Feb-20,NE Asia,Melbourne,Taipei,China Airlines,  16
Feb-20,NE Asia,Melbourne,Tokyo,Japan Airlines,  29
Feb-20,NE Asia,Melbourne,Tokyo,Qantas Airways,  29
Feb-20,N America,Melbourne,Vancouver,Air Canada,  16
Feb-20,New Zealand,Melbourne,Wellington,Air New Zealand,  25
Feb-20,New Zealand,Melbourne,Wellington,Qantas Airways,  29
Feb-20,New Zealand,Melbourne,Wellington,Singapore Airlines,  21
Feb-20,Middle East,Melbourne,Abu Dhabi,Etihad Airways,  58
Feb-20,New Zealand,Melbourne,Auckland,Air New Zealand,  96
Feb-20,New Zealand,Melbourne,Auckland,Jetstar,  30
Feb-20,New Zealand,Melbourne,Auckland,Qantas Airways,  115
Feb-20,New Zealand,Melbourne,Auckland,Virgin Australia,  54
Feb-20,SE Asia,Melbourne,Bandar Seri Begawan,Royal Brunei Airlines,  29
Feb-20,SE Asia,Melbourne,Bangkok,Jetstar,  13
Feb-20,SE Asia,Melbourne,Bangkok,Thai Airways International,  58
Feb-20,NE Asia,Melbourne,Beijing,Air China,  4
Feb-20,NE Asia,Melbourne,Chengdu,Sichuan Airlines,  2
Feb-20,New Zealand,Melbourne,Christchurch,Air New Zealand,  37
Feb-20,New Zealand,Melbourne,Christchurch,Jetstar,  24
Feb-20,New Zealand,Melbourne,Christchurch,Qantas Airways,  29
Feb-20,New Zealand,Melbourne,Christchurch,Virgin Australia,  29
Feb-20,S Asia,Melbourne,Colombo,SriLankan Airlines,  29
Feb-20,SE Asia,Melbourne,Denpasar,Citilink Indonesia,  18
Feb-20,SE Asia,Melbourne,Denpasar,Garuda Indonesia,  21
Feb-20,SE Asia,Melbourne,Denpasar,Jetstar,  54
Feb-20,SE Asia,Melbourne,Denpasar,Malindo Air,  29
Feb-20,SE Asia,Melbourne,Denpasar,Qantas Airways,  26
Feb-20,Middle East,Melbourne,Doha,Qatar Airways,  28
Feb-20,Middle East,Melbourne,Dubai,Emirates,  58
Feb-20,Middle East,Melbourne,Dubai,Emirates,  29
Feb-20,NE Asia,Melbourne,Guangzhou,China Southern Airlines,  24
Feb-20,NE Asia,Melbourne,Guiyang,Sichuan Airlines,  4
Feb-20,SE Asia,Melbourne,Ho Chi Minh City,Jetstar,  13
Feb-20,SE Asia,Melbourne,Ho Chi Minh City,Vietnam Airlines,  29
Feb-20,NE Asia,Melbourne,Hong Kong,Cathay Pacific Airways,  70
Feb-20,NE Asia,Melbourne,Hong Kong,Qantas Airways,  26
Feb-20,NE Asia,Melbourne,Hong Kong,Virgin Australia,  10
Feb-20,N America,Melbourne,Honolulu,Jetstar,  12
Feb-20,SE Asia,Melbourne,Jakarta,Garuda Indonesia,  17
Feb-20,SE Asia,Melbourne,Kuala Lumpur,AirAsia X,  58
Feb-20,SE Asia,Melbourne,Kuala Lumpur,Malaysia Airlines,  70
Feb-20,SE Asia,Melbourne,Kuala Lumpur,Malindo Air,  29
Feb-20,Europe,Melbourne,London,Qantas Airways,  26
Feb-20,N America,Melbourne,Los Angeles,Qantas Airways,  37
Feb-20,N America,Melbourne,Los Angeles,United Airlines,  17
Feb-20,N America,Melbourne,Los Angeles,Virgin Australia,  21
Feb-20,SE Asia,Melbourne,Manila,Cebu Pacific Air,  12
Feb-20,SE Asia,Melbourne,Manila,Philippine Airlines,  21
Feb-20,Islands,Melbourne,Nadi,Fiji Airways,  21
Feb-20,Islands,Melbourne,Nadi,Virgin Australia,  9
Feb-20,S Asia,Melbourne,New Delhi,Air India,  13
Feb-20,Islands,Melbourne,Noumea,Air Caledonie,  12
Feb-20,SE Asia,Melbourne,Phuket,Jetstar,  16
Feb-20,Islands,Melbourne,Port Vila,Air Vanuatu,  5
Feb-20,NE Asia,Melbourne,Qingdao,Beijing Capital Airlines,  2
Feb-20,New Zealand,Melbourne,Queenstown,Air New Zealand,  21
Feb-20,New Zealand,Melbourne,Queenstown,Jetstar,  29
Feb-20,New Zealand,Melbourne,Queenstown,Virgin Australia,  16
Feb-20,N America,Melbourne,San Francisco,Qantas Airways,  17
Feb-20,N America,Melbourne,San Francisco,United Airlines,  13
Feb-20,S America,Melbourne,Santiago,LATAM Airlines,  13
Feb-20,NE Asia,Melbourne,Seoul,Jetstar,  4
Feb-20,NE Asia,Melbourne,Shanghai,China Eastern Airlines,  30
Feb-20,SE Asia,Melbourne,Singapore,Emirates,  29
Feb-20,SE Asia,Melbourne,Singapore,Qantas Airways,  58
Feb-20,SE Asia,Melbourne,Singapore,Scoot Tigerair,  36
Feb-20,SE Asia,Melbourne,Singapore,Singapore Airlines,  116
Feb-20,SE Asia,Melbourne,Singapore,Singapore Airlines,  21
Feb-20,NE Asia,Melbourne,Taipei,China Airlines,  16
Feb-20,NE Asia,Melbourne,Tokyo,Japan Airlines,  29
Feb-20,NE Asia,Melbourne,Tokyo,Qantas Airways,  29
Feb-20,N America,Melbourne,Vancouver,Air Canada,  17
Feb-20,New Zealand,Melbourne,Wellington,Air New Zealand,  24
Feb-20,New Zealand,Melbourne,Wellington,Qantas Airways,  29
Feb-20,New Zealand,Melbourne,Wellington,Singapore Airlines,  21
Mar-20,Middle East,Melbourne,Abu Dhabi,Etihad Airways,  42
Mar-20,New Zealand,Melbourne,Auckland,Air New Zealand,  81
Mar-20,New Zealand,Melbourne,Auckland,Jetstar,  21
Mar-20,New Zealand,Melbourne,Auckland,Qantas Airways,  93
Mar-20,New Zealand,Melbourne,Auckland,Virgin Australia,  41
Mar-20,SE Asia,Melbourne,Bandar Seri Begawan,Royal Brunei Airlines,  24
Mar-20,SE Asia,Melbourne,Bangkok,Jetstar,  10
Mar-20,SE Asia,Melbourne,Bangkok,Thai Airways International,  47
Mar-20,NE Asia,Melbourne,Beijing,Air China,  4
Mar-20,New Zealand,Melbourne,Christchurch,Air New Zealand,  23
Mar-20,New Zealand,Melbourne,Christchurch,Jetstar,  20
Mar-20,New Zealand,Melbourne,Christchurch,Qantas Airways,  25
Mar-20,New Zealand,Melbourne,Christchurch,Virgin Australia,  27
Mar-20,S Asia,Melbourne,Colombo,SriLankan Airlines,  25
Mar-20,SE Asia,Melbourne,Denpasar,Citilink Indonesia,  1
Mar-20,SE Asia,Melbourne,Denpasar,Garuda Indonesia,  21
Mar-20,SE Asia,Melbourne,Denpasar,Jetstar,  47
Mar-20,SE Asia,Melbourne,Denpasar,Jetstar,  3
Mar-20,SE Asia,Melbourne,Denpasar,Malindo Air,  17
Mar-20,SE Asia,Melbourne,Denpasar,Qantas Airways,  18
Mar-20,Middle East,Melbourne,Doha,Qatar Airways,  35
Mar-20,Middle East,Melbourne,Dubai,Emirates,  47
Mar-20,Middle East,Melbourne,Dubai,Emirates,  23
Mar-20,NE Asia,Melbourne,Guangzhou,China Southern Airlines,  28
Mar-20,SE Asia,Melbourne,Ho Chi Minh City,Jetstar,  10
Mar-20,SE Asia,Melbourne,Ho Chi Minh City,Vietnam Airlines,  21
Mar-20,NE Asia,Melbourne,Hong Kong,Cathay Pacific Airways,  41
Mar-20,NE Asia,Melbourne,Hong Kong,Qantas Airways,  15
Mar-20,N America,Melbourne,Honolulu,Jetstar,  5
Mar-20,SE Asia,Melbourne,Jakarta,Garuda Indonesia,  17
Mar-20,SE Asia,Melbourne,Kuala Lumpur,AirAsia X,  36
Mar-20,SE Asia,Melbourne,Kuala Lumpur,Malaysia Airlines,  43
Mar-20,SE Asia,Melbourne,Kuala Lumpur,Malindo Air,  17
Mar-20,Europe,Melbourne,London,Qantas Airways,  25
Mar-20,N America,Melbourne,Los Angeles,Qantas Airways,  1
Mar-20,N America,Melbourne,Los Angeles,Qantas Airways,  30
Mar-20,N America,Melbourne,Los Angeles,United Airlines,  12
Mar-20,N America,Melbourne,Los Angeles,Virgin Australia,  14
Mar-20,SE Asia,Melbourne,Manila,Cebu Pacific Air,  6
Mar-20,SE Asia,Melbourne,Manila,Philippine Airlines,  14
Mar-20,Islands,Melbourne,Nadi,Fiji Airways,  15
Mar-20,Islands,Melbourne,Nadi,Virgin Australia,  6
Mar-20,S Asia,Melbourne,New Delhi,Air India,  9
Mar-20,Islands,Melbourne,Noumea,Air Caledonie,  5
Mar-20,SE Asia,Melbourne,Phuket,Jetstar,  9
Mar-20,Islands,Melbourne,Port Vila,Air Vanuatu,  7
Mar-20,New Zealand,Melbourne,Queenstown,Air New Zealand,  13
Mar-20,New Zealand,Melbourne,Queenstown,Jetstar,  22
Mar-20,New Zealand,Melbourne,Queenstown,Virgin Australia,  13
Mar-20,N America,Melbourne,San Francisco,Qantas Airways,  11
Mar-20,N America,Melbourne,San Francisco,United Airlines,  9
Mar-20,S America,Melbourne,Santiago,LATAM Airlines,  11
Mar-20,NE Asia,Melbourne,Seoul,Jetstar,  1
Mar-20,NE Asia,Melbourne,Shanghai,China Eastern Airlines,  25
Mar-20,SE Asia,Melbourne,Singapore,Emirates,  23
Mar-20,SE Asia,Melbourne,Singapore,Qantas Airways,  39
Mar-20,SE Asia,Melbourne,Singapore,Scoot Tigerair,  20
Mar-20,SE Asia,Melbourne,Singapore,Singapore Airlines,  89
Mar-20,SE Asia,Melbourne,Singapore,Singapore Airlines,  14
Mar-20,NE Asia,Melbourne,Taipei,China Airlines,  13
Mar-20,NE Asia,Melbourne,Tokyo,Japan Airlines,  20
Mar-20,NE Asia,Melbourne,Tokyo,Qantas Airways,  21
Mar-20,N America,Melbourne,Vancouver,Air Canada,  14
Mar-20,New Zealand,Melbourne,Wellington,Air New Zealand,  15
Mar-20,New Zealand,Melbourne,Wellington,Qantas Airways,  25
Mar-20,New Zealand,Melbourne,Wellington,Singapore Airlines,  15
Mar-20,NE Asia,Melbourne,Xiamen,Xiamen Airlines,  5
Mar-20,Middle East,Melbourne,Abu Dhabi,Etihad Airways,  42
Mar-20,New Zealand,Melbourne,Auckland,Air New Zealand,  80
Mar-20,New Zealand,Melbourne,Auckland,Jetstar,  20
Mar-20,New Zealand,Melbourne,Auckland,Qantas Airways,  91
Mar-20,New Zealand,Melbourne,Auckland,Virgin Australia,  40
Mar-20,SE Asia,Melbourne,Bandar Seri Begawan,Royal Brunei Airlines,  26
Mar-20,SE Asia,Melbourne,Bangkok,Jetstar,  10
Mar-20,SE Asia,Melbourne,Bangkok,Thai Airways International,  48
Mar-20,NE Asia,Melbourne,Beijing,Air China,  4
Mar-20,New Zealand,Melbourne,Christchurch,Air New Zealand,  23
Mar-20,New Zealand,Melbourne,Christchurch,Jetstar,  19
Mar-20,New Zealand,Melbourne,Christchurch,Qantas Airways,  25
Mar-20,New Zealand,Melbourne,Christchurch,Virgin Australia,  26
Mar-20,S Asia,Melbourne,Colombo,SriLankan Airlines,  25
Mar-20,SE Asia,Melbourne,Denpasar,Citilink Indonesia,  1
Mar-20,SE Asia,Melbourne,Denpasar,Garuda Indonesia,  21
Mar-20,SE Asia,Melbourne,Denpasar,Jetstar,  45
Mar-20,SE Asia,Melbourne,Denpasar,Jetstar,  1
Mar-20,SE Asia,Melbourne,Denpasar,Malindo Air,  17
Mar-20,SE Asia,Melbourne,Denpasar,Qantas Airways,  18
Mar-20,Middle East,Melbourne,Doha,Qatar Airways,  35
Mar-20,Middle East,Melbourne,Dubai,Emirates,  47
Mar-20,Middle East,Melbourne,Dubai,Emirates,  23
Mar-20,NE Asia,Melbourne,Guangzhou,China Southern Airlines,  28
Mar-20,SE Asia,Melbourne,Ho Chi Minh City,Jetstar,  10
Mar-20,SE Asia,Melbourne,Ho Chi Minh City,Vietnam Airlines,  21
Mar-20,NE Asia,Melbourne,Hong Kong,Cathay Pacific Airways,  41
Mar-20,NE Asia,Melbourne,Hong Kong,Qantas Airways,  15
Mar-20,N America,Melbourne,Honolulu,Jetstar,  5
Mar-20,SE Asia,Melbourne,Jakarta,Garuda Indonesia,  17
Mar-20,SE Asia,Melbourne,Kuala Lumpur,AirAsia X,  37
Mar-20,SE Asia,Melbourne,Kuala Lumpur,Malaysia Airlines,  46
Mar-20,SE Asia,Melbourne,Kuala Lumpur,Malindo Air,  17
Mar-20,Europe,Melbourne,London,Qantas Airways,  25
Mar-20,N America,Melbourne,Los Angeles,Qantas Airways,  32
Mar-20,N America,Melbourne,Los Angeles,United Airlines,  14
Mar-20,N America,Melbourne,Los Angeles,Virgin Australia,  14
Mar-20,SE Asia,Melbourne,Manila,Cebu Pacific Air,  6
Mar-20,SE Asia,Melbourne,Manila,Philippine Airlines,  14
Mar-20,Islands,Melbourne,Nadi,Fiji Airways,  15
Mar-20,Islands,Melbourne,Nadi,Virgin Australia,  6
Mar-20,S Asia,Melbourne,New Delhi,Air India,  9
Mar-20,Islands,Melbourne,Noumea,Air Caledonie,  5
Mar-20,SE Asia,Melbourne,Phuket,Jetstar,  9
Mar-20,SE Asia,Melbourne,Phuket,Jetstar,  2
Mar-20,Islands,Melbourne,Port Vila,Air Vanuatu,  7
Mar-20,New Zealand,Melbourne,Queenstown,Air New Zealand,  13
Mar-20,New Zealand,Melbourne,Queenstown,Jetstar,  21
Mar-20,New Zealand,Melbourne,Queenstown,Virgin Australia,  13
Mar-20,N America,Melbourne,San Francisco,Qantas Airways,  12
Mar-20,N America,Melbourne,San Francisco,United Airlines,  9
Mar-20,S America,Melbourne,Santiago,LATAM Airlines,  12
Mar-20,NE Asia,Melbourne,Seoul,Jetstar,  1
Mar-20,NE Asia,Melbourne,Shanghai,China Eastern Airlines,  25
Mar-20,SE Asia,Melbourne,Singapore,Emirates,  23
Mar-20,SE Asia,Melbourne,Singapore,Qantas Airways,  39
Mar-20,SE Asia,Melbourne,Singapore,Scoot Tigerair,  20
Mar-20,SE Asia,Melbourne,Singapore,Singapore Airlines,  91
Mar-20,SE Asia,Melbourne,Singapore,Singapore Airlines,  15
Mar-20,NE Asia,Melbourne,Taipei,China Airlines,  13
Mar-20,NE Asia,Melbourne,Tokyo,Japan Airlines,  20
Mar-20,NE Asia,Melbourne,Tokyo,Qantas Airways,  1
Mar-20,NE Asia,Melbourne,Tokyo,Qantas Airways,  20
Mar-20,N America,Melbourne,Vancouver,Air Canada,  15
Mar-20,New Zealand,Melbourne,Wellington,Air New Zealand,  15
Mar-20,New Zealand,Melbourne,Wellington,Qantas Airways,  25
Mar-20,New Zealand,Melbourne,Wellington,Singapore Airlines,  14
Mar-20,NE Asia,Melbourne,Xiamen,Xiamen Airlines,  5
Apr-20,Middle East,Melbourne,Abu Dhabi,Etihad Airways,  15
Apr-20,New Zealand,Melbourne,Auckland,Air New Zealand,  8
Apr-20,New Zealand,Melbourne,Auckland,Qantas Airways,  6
Apr-20,SE Asia,Melbourne,Bandar Seri Begawan,Royal Brunei Airlines,  5
Apr-20,S America,Melbourne,Buenos Aires,Qantas Airways,  1
Apr-20,S Asia,Melbourne,Colombo,SriLankan Airlines,  3
Apr-20,Middle East,Melbourne,Doha,Qatar Airways,  38
Apr-20,SE Asia,Melbourne,Ho Chi Minh City,Vietnam Airlines,  1
Apr-20,NE Asia,Melbourne,Hong Kong,Qantas Airways,  5
Apr-20,SE Asia,Melbourne,Jakarta,Garuda Indonesia,  6
Apr-20,Africa,Melbourne,Johannesburg,Qantas Airways,  1
Apr-20,SE Asia,Melbourne,Kuala Lumpur,Malaysia Airlines,  4
Apr-20,Europe,Melbourne,London,Qantas Airways,  3
Apr-20,SE Asia,Melbourne,Manila,Philippine Airlines,  2
Apr-20,N America,Melbourne,San Francisco,United Airlines,  1
Apr-20,S America,Melbourne,Santiago,LATAM Airlines,  1
Apr-20,NE Asia,Melbourne,Taipei,China Airlines,  3
Apr-20,Middle East,Melbourne,Abu Dhabi,Etihad Airways,  15
Apr-20,New Zealand,Melbourne,Auckland,Air New Zealand,  8
Apr-20,New Zealand,Melbourne,Auckland,Qantas Airways,  6
Apr-20,SE Asia,Melbourne,Bandar Seri Begawan,Royal Brunei Airlines,  8
Apr-20,S America,Melbourne,Buenos Aires,Qantas Airways,  1
Apr-20,Middle East,Melbourne,Doha,Qatar Airways,  39
Apr-20,NE Asia,Melbourne,Hong Kong,Qantas Airways,  5
Apr-20,SE Asia,Melbourne,Jakarta,Garuda Indonesia,  6
Apr-20,Africa,Melbourne,Johannesburg,Qantas Airways,  1
Apr-20,SE Asia,Melbourne,Kuala Lumpur,Malaysia Airlines,  4
Apr-20,Europe,Melbourne,London,Qantas Airways,  3
Apr-20,SE Asia,Melbourne,Manila,Philippine Airlines,  2
Apr-20,Islands,Melbourne,Nadi,Fiji Airways,  1
Apr-20,S America,Melbourne,Santiago,LATAM Airlines,  1
Apr-20,NE Asia,Melbourne,Taipei,China Airlines,  2
May-20,Middle East,Melbourne,Abu Dhabi,Etihad Airways,  8
May-20,New Zealand,Melbourne,Auckland,Air New Zealand,  9
May-20,New Zealand,Melbourne,Auckland,Qantas Airways,  2
May-20,SE Asia,Melbourne,Bandar Seri Begawan,Royal Brunei Airlines,  3
May-20,SE Asia,Melbourne,Bangkok,Thai Airways International,  1
May-20,S Asia,Melbourne,Colombo,SriLankan Airlines,  6
May-20,Middle East,Melbourne,Doha,Qatar Airways,  30
May-20,Middle East,Melbourne,Dubai,Emirates,  5
May-20,NE Asia,Melbourne,Hong Kong,Qantas Airways,  8
May-20,SE Asia,Melbourne,Jakarta,Garuda Indonesia,  6
May-20,SE Asia,Melbourne,Kuala Lumpur,Malaysia Airlines,  2
May-20,Europe,Melbourne,London,Qantas Airways,  7
May-20,N America,Melbourne,Los Angeles,Qantas Airways,  3
May-20,SE Asia,Melbourne,Manila,Philippine Airlines,  1
May-20,S Asia,Melbourne,New Delhi,Air India,  4
May-20,NE Asia,Melbourne,Taipei,China Airlines,  2
May-20,Middle East,Melbourne,Abu Dhabi,Etihad Airways,  7
May-20,New Zealand,Melbourne,Auckland,Air New Zealand,  9
May-20,New Zealand,Melbourne,Auckland,Qantas Airways,  2
May-20,SE Asia,Melbourne,Bandar Seri Begawan,Royal Brunei Airlines,  9
May-20,SE Asia,Melbourne,Bangkok,Thai Airways International,  1
May-20,S Asia,Melbourne,Colombo,SriLankan Airlines,  6
May-20,Middle East,Melbourne,Doha,Qatar Airways,  30
May-20,Middle East,Melbourne,Dubai,Emirates,  5
May-20,NE Asia,Melbourne,Hong Kong,Qantas Airways,  9
May-20,SE Asia,Melbourne,Jakarta,Garuda Indonesia,  6
May-20,SE Asia,Melbourne,Kuala Lumpur,Malaysia Airlines,  2
May-20,Europe,Melbourne,London,Qantas Airways,  8
May-20,N America,Melbourne,Los Angeles,Qantas Airways,  3
May-20,SE Asia,Melbourne,Manila,Philippine Airlines,  1
May-20,S Asia,Melbourne,New Delhi,Air India,  4
May-20,NE Asia,Melbourne,Taipei,China Airlines,  3
Jun-20,Middle East,Melbourne,Abu Dhabi,Etihad Airways,  11
Jun-20,New Zealand,Melbourne,Auckland,Air New Zealand,  13
Jun-20,SE Asia,Melbourne,Bandar Seri Begawan,Royal Brunei Airlines,  7
Jun-20,SE Asia,Melbourne,Bangkok,Thai Airways International,  1
Jun-20,S Asia,Melbourne,Colombo,SriLankan Airlines,  4
Jun-20,Middle East,Melbourne,Doha,Qatar Airways,  30
Jun-20,Middle East,Melbourne,Dubai,Emirates,  13
Jun-20,NE Asia,Melbourne,Hong Kong,Cathay Pacific Airways,  8
Jun-20,SE Asia,Melbourne,Jakarta,Garuda Indonesia,  4
Jun-20,SE Asia,Melbourne,Kuala Lumpur,Malaysia Airlines,  1
Jun-20,Europe,Melbourne,London,Qantas Airways,  2
Jun-20,N America,Melbourne,Los Angeles,Qantas Airways,  1
Jun-20,S Asia,Melbourne,New Delhi,Air India,  4
Jun-20,S America,Melbourne,Santiago,LATAM Airlines,  1
Jun-20,SE Asia,Melbourne,Singapore,Singapore Airlines,  39
Jun-20,NE Asia,Melbourne,Taipei,China Airlines,  2
Jun-20,Middle East,Melbourne,Abu Dhabi,Etihad Airways,  12
Jun-20,New Zealand,Melbourne,Auckland,Air New Zealand,  13
Jun-20,SE Asia,Melbourne,Bandar Seri Begawan,Royal Brunei Airlines,  8
Jun-20,SE Asia,Melbourne,Bangkok,Thai Airways International,  1
Jun-20,S Asia,Melbourne,Colombo,SriLankan Airlines,  4
Jun-20,Middle East,Melbourne,Doha,Qatar Airways,  30
Jun-20,Middle East,Melbourne,Dubai,Emirates,  12
Jun-20,NE Asia,Melbourne,Hong Kong,Cathay Pacific Airways,  8
Jun-20,SE Asia,Melbourne,Jakarta,Garuda Indonesia,  4
Jun-20,SE Asia,Melbourne,Kuala Lumpur,Malaysia Airlines,  1
Jun-20,Europe,Melbourne,London,Qantas Airways,  1
Jun-20,N America,Melbourne,Los Angeles,Qantas Airways,  1
Jun-20,S Asia,Melbourne,New Delhi,Air India,  4
Jun-20,S America,Melbourne,Santiago,LATAM Airlines,  1
Jun-20,SE Asia,Melbourne,Singapore,Singapore Airlines,  30
Jun-20,NE Asia,Melbourne,Taipei,China Airlines,  2
Jul-20,SE Asia,Melbourne,Bandar Seri Begawan,Royal Brunei Airlines,  7
Jul-20,Middle East,Melbourne,Abu Dhabi,Etihad Airways,  16
Jul-20,New Zealand,Melbourne,Auckland,Air New Zealand,  16
Jul-20,SE Asia,Melbourne,Bandar Seri Begawan,Royal Brunei Airlines,  8
Jul-20,S Asia,Melbourne,Colombo,SriLankan Airlines,  9
Jul-20,Middle East,Melbourne,Doha,Qatar Airways,  30
Jul-20,Middle East,Melbourne,Dubai,Emirates,  14
Jul-20,NE Asia,Melbourne,Hong Kong,Cathay Pacific Airways,  14
Jul-20,SE Asia,Melbourne,Jakarta,Garuda Indonesia,  5
Jul-20,SE Asia,Melbourne,Kuala Lumpur,Malaysia Airlines,  4
Jul-20,S Asia,Melbourne,New Delhi,Air India,  4
Jul-20,SE Asia,Melbourne,Singapore,Singapore Airlines,  30
Jul-20,NE Asia,Melbourne,Taipei,China Airlines,  4
Aug-20,Middle East,Melbourne,Abu Dhabi,Etihad Airways,  14
Aug-20,New Zealand,Melbourne,Auckland,Air New Zealand,  19
Aug-20,SE Asia,Melbourne,Bandar Seri Begawan,Royal Brunei Airlines,  6
Aug-20,SE Asia,Melbourne,Bangkok,Thai Airways International,  1
Aug-20,S Asia,Melbourne,Colombo,SriLankan Airlines,  9
Aug-20,Middle East,Melbourne,Doha,Qatar Airways,  31
Aug-20,Middle East,Melbourne,Dubai,Emirates,  13
Aug-20,SE Asia,Melbourne,Ho Chi Minh City,Vietnam Airlines,  3
Aug-20,NE Asia,Melbourne,Hong Kong,Cathay Pacific Airways,  17
Aug-20,SE Asia,Melbourne,Jakarta,Garuda Indonesia,  2
Aug-20,SE Asia,Melbourne,Kuala Lumpur,Malaysia Airlines,  5
Aug-20,S Asia,Melbourne,New Delhi,Air India,  3
Aug-20,SE Asia,Melbourne,Singapore,Singapore Airlines,  28
Aug-20,NE Asia,Melbourne,Taipei,China Airlines,  2
Sep-20,Middle East,Melbourne,Abu Dhabi,Etihad Airways,  22
Sep-20,New Zealand,Melbourne,Auckland,Air New Zealand,  26
Sep-20,SE Asia,Melbourne,Bandar Seri Begawan,Royal Brunei Airlines,  8
Sep-20,SE Asia,Melbourne,Bangkok,Thai Airways International,  1
Sep-20,S Asia,Melbourne,Colombo,SriLankan Airlines,  6
Sep-20,Middle East,Melbourne,Doha,Qatar Airways,  30
Sep-20,Middle East,Melbourne,Dubai,Emirates,  13
Sep-20,SE Asia,Melbourne,Ho Chi Minh City,Vietnam Airlines,  1
Sep-20,NE Asia,Melbourne,Hong Kong,Cathay Pacific Airways,  16
Sep-20,SE Asia,Melbourne,Jakarta,Garuda Indonesia,  2
Sep-20,SE Asia,Melbourne,Kuala Lumpur,Malaysia Airlines,  4
Sep-20,SE Asia,Melbourne,Manila,Philippine Airlines,  1
Sep-20,SE Asia,Melbourne,Singapore,Scoot Tigerair,  2
Sep-20,SE Asia,Melbourne,Singapore,Singapore Airlines,  26
Sep-20,NE Asia,Melbourne,Taipei,China Airlines,  2
Sep-20,SE Asia,Melbourne,Van Don,Vietnam Airlines,  1
Oct-20,Middle East,Melbourne,Abu Dhabi,Etihad Airways,  23
Oct-20,New Zealand,Melbourne,Auckland,Air New Zealand,  31
Oct-20,SE Asia,Melbourne,Bandar Seri Begawan,Royal Brunei Airlines,  8
Oct-20,S Asia,Melbourne,Colombo,SriLankan Airlines,  4
Oct-20,Middle East,Melbourne,Doha,Qatar Airways,  31
Oct-20,Middle East,Melbourne,Dubai,Emirates,  14
Oct-20,SE Asia,Melbourne,Ho Chi Minh City,Vietnam Airlines,  2
Oct-20,NE Asia,Melbourne,Hong Kong,Cathay Pacific Airways,  14
Oct-20,SE Asia,Melbourne,Jakarta,Garuda Indonesia,  5
Oct-20,SE Asia,Melbourne,Kuala Lumpur,Malaysia Airlines,  5
Oct-20,S Asia,Melbourne,New Delhi,Air India,  1
Oct-20,SE Asia,Melbourne,Singapore,Singapore Airlines,  25
Oct-20,NE Asia,Melbourne,Taipei,China Airlines,  2
Nov-20,New Zealand,Melbourne,Auckland,Air New Zealand,  15
Nov-20,Middle East,Melbourne,Abu Dhabi,Etihad Airways,  20
Nov-20,New Zealand,Melbourne,Auckland,Air New Zealand,  30
Nov-20,SE Asia,Melbourne,Bandar Seri Begawan,Royal Brunei Airlines,  6
Nov-20,S Asia,Melbourne,Colombo,SriLankan Airlines,  2
Nov-20,Middle East,Melbourne,Doha,Qatar Airways,  30
Nov-20,Middle East,Melbourne,Dubai,Emirates,  12
Nov-20,SE Asia,Melbourne,Ho Chi Minh City,Vietnam Airlines,  2
Nov-20,NE Asia,Melbourne,Hong Kong,Cathay Pacific Airways,  20
Nov-20,SE Asia,Melbourne,Jakarta,Garuda Indonesia,  4
Nov-20,SE Asia,Melbourne,Kuala Lumpur,Malaysia Airlines,  4
Nov-20,SE Asia,Melbourne,Singapore,Scoot Tigerair,  2
Nov-20,SE Asia,Melbourne,Singapore,Singapore Airlines,  43
Nov-20,NE Asia,Melbourne,Taipei,China Airlines,  2
Dec-20,Middle East,Melbourne,Abu Dhabi,Etihad Airways,  17
Dec-20,New Zealand,Melbourne,Auckland,Air New Zealand,  28
Dec-20,SE Asia,Melbourne,Bandar Seri Begawan,Royal Brunei Airlines,  5
Dec-20,S Asia,Melbourne,Colombo,SriLankan Airlines,  8
Dec-20,Middle East,Melbourne,Doha,Qatar Airways,  21
Dec-20,Middle East,Melbourne,Dubai,Emirates,  11
Dec-20,NE Asia,Melbourne,Guangzhou,China Southern Airlines,  2
Dec-20,NE Asia,Melbourne,Hong Kong,Cathay Pacific Airways,  21
Dec-20,SE Asia,Melbourne,Jakarta,Garuda Indonesia,  3
Dec-20,SE Asia,Melbourne,Kuala Lumpur,Malaysia Airlines,  3
Dec-20,SE Asia,Melbourne,Manila,Philippine Airlines,  2
Dec-20,S Asia,Melbourne,New Delhi,Air India,  1
Dec-20,SE Asia,Melbourne,Singapore,Scoot Tigerair,  15
Dec-20,SE Asia,Melbourne,Singapore,Singapore Airlines,  31
Dec-20,NE Asia,Melbourne,Taipei,China Airlines,  4
Dec-20,NE Asia,Melbourne,Tokyo,Japan Airlines,  4
Dec-20,Middle East,Melbourne,Abu Dhabi,Etihad Airways,  22
Dec-20,New Zealand,Melbourne,Auckland,Air New Zealand,  31
Dec-20,SE Asia,Melbourne,Bandar Seri Begawan,Royal Brunei Airlines,  8
Dec-20,S Asia,Melbourne,Colombo,SriLankan Airlines,  8
Dec-20,Middle East,Melbourne,Doha,Qatar Airways,  29
Dec-20,Middle East,Melbourne,Dubai,Emirates,  13
Dec-20,NE Asia,Melbourne,Guangzhou,China Southern Airlines,  2
Dec-20,SE Asia,Melbourne,Ho Chi Minh City,Vietnam Airlines,  2
Dec-20,NE Asia,Melbourne,Hong Kong,Cathay Pacific Airways,  21
Dec-20,SE Asia,Melbourne,Jakarta,Garuda Indonesia,  4
Dec-20,SE Asia,Melbourne,Kuala Lumpur,Malaysia Airlines,  2
Dec-20,SE Asia,Melbourne,Manila,Philippine Airlines,  2
Dec-20,S Asia,Melbourne,New Delhi,Air India,  1
Dec-20,SE Asia,Melbourne,Singapore,Scoot Tigerair,  29
Dec-20,SE Asia,Melbourne,Singapore,Singapore Airlines,  31
Dec-20,NE Asia,Melbourne,Taipei,China Airlines,  4
Jan-21,Middle East,Melbourne,Abu Dhabi,Etihad Airways,  26
Jan-21,New Zealand,Melbourne,Auckland,Air New Zealand,  18
Jan-21,SE Asia,Melbourne,Bandar Seri Begawan,Royal Brunei Airlines,  7
Jan-21,S Asia,Melbourne,Colombo,SriLankan Airlines,  9
Jan-21,Middle East,Melbourne,Doha,Qatar Airways,  2
Jan-21,Middle East,Melbourne,Doha,Qatar Airways,  28
Jan-21,Middle East,Melbourne,Dubai,Emirates,  8
Jan-21,NE Asia,Melbourne,Guangzhou,China Southern Airlines,  4
Jan-21,NE Asia,Melbourne,Hong Kong,Cathay Pacific Airways,  27
Jan-21,SE Asia,Melbourne,Jakarta,Garuda Indonesia,  4
Jan-21,SE Asia,Melbourne,Kuala Lumpur,Malaysia Airlines,  5
Jan-21,N America,Melbourne,Los Angeles,Qatar Airways,  2
Jan-21,SE Asia,Melbourne,Manila,Philippine Airlines,  1
Jan-21,Islands,Melbourne,Nadi,Fiji Airways,  2
Jan-21,SE Asia,Melbourne,Singapore,Scoot Tigerair,  17
Jan-21,SE Asia,Melbourne,Singapore,Singapore Airlines,  32
Jan-21,NE Asia,Melbourne,Taipei,China Airlines,  3
Jan-21,Middle East,Melbourne,Abu Dhabi,Etihad Airways,  21
Jan-21,New Zealand,Melbourne,Auckland,Air New Zealand,  21
Jan-21,SE Asia,Melbourne,Bandar Seri Begawan,Royal Brunei Airlines,  8
Jan-21,S Asia,Melbourne,Colombo,SriLankan Airlines,  9
Jan-21,Middle East,Melbourne,Doha,Qatar Airways,  30
Jan-21,Middle East,Melbourne,Dubai,Emirates,  10
Jan-21,NE Asia,Melbourne,Guangzhou,China Southern Airlines,  4
Jan-21,NE Asia,Melbourne,Hong Kong,Cathay Pacific Airways,  27
Jan-21,SE Asia,Melbourne,Jakarta,Garuda Indonesia,  5
Jan-21,SE Asia,Melbourne,Kuala Lumpur,Malaysia Airlines,  5
Jan-21,SE Asia,Melbourne,Manila,Philippine Airlines,  1
Jan-21,Islands,Melbourne,Nadi,Fiji Airways,  2
Jan-21,SE Asia,Melbourne,Singapore,Scoot Tigerair,  31
Jan-21,SE Asia,Melbourne,Singapore,Singapore Airlines,  30
Jan-21,NE Asia,Melbourne,Taipei,China Airlines,  3
Feb-21,Middle East,Melbourne,Abu Dhabi,Etihad Airways,  9
Feb-21,New Zealand,Melbourne,Auckland,Air New Zealand,  13
Feb-21,SE Asia,Melbourne,Bandar Seri Begawan,Royal Brunei Airlines,  3
Feb-21,S Asia,Melbourne,Colombo,SriLankan Airlines,  10
Feb-21,Middle East,Melbourne,Doha,Qatar Airways,  11
Feb-21,Middle East,Melbourne,Dubai,Emirates,  6
Feb-21,NE Asia,Melbourne,Guangzhou,China Southern Airlines,  2
Feb-21,NE Asia,Melbourne,Hong Kong,Cathay Pacific Airways,  16
Feb-21,SE Asia,Melbourne,Jakarta,Garuda Indonesia,  2
Feb-21,SE Asia,Melbourne,Kuala Lumpur,Malaysia Airlines,  2
Feb-21,SE Asia,Melbourne,Singapore,Scoot Tigerair,  9
Feb-21,SE Asia,Melbourne,Singapore,Singapore Airlines,  28
Feb-21,NE Asia,Melbourne,Taipei,China Airlines,  2
Feb-21,Middle East,Melbourne,Abu Dhabi,Etihad Airways,  20
Feb-21,New Zealand,Melbourne,Auckland,Air New Zealand,  13
Feb-21,SE Asia,Melbourne,Bandar Seri Begawan,Royal Brunei Airlines,  5
Feb-21,S Asia,Melbourne,Colombo,SriLankan Airlines,  9
Feb-21,Middle East,Melbourne,Doha,Qatar Airways,  27
Feb-21,Middle East,Melbourne,Dubai,Emirates,  11
Feb-21,NE Asia,Melbourne,Guangzhou,China Southern Airlines,  4
Feb-21,NE Asia,Melbourne,Hong Kong,Cathay Pacific Airways,  16
Feb-21,SE Asia,Melbourne,Jakarta,Garuda Indonesia,  4
Feb-21,SE Asia,Melbourne,Kuala Lumpur,Malaysia Airlines,  4
Feb-21,SE Asia,Melbourne,Singapore,Scoot Tigerair,  23
Feb-21,SE Asia,Melbourne,Singapore,Singapore Airlines,  28
Feb-21,NE Asia,Melbourne,Taipei,China Airlines,  2
Mar-21,New Zealand,Melbourne,Auckland,Air New Zealand,  11
Mar-21,SE Asia,Melbourne,Singapore,Scoot Tigerair,  1
Mar-21,Middle East,Melbourne,Abu Dhabi,Etihad Airways,  22
Mar-21,New Zealand,Melbourne,Auckland,Air New Zealand,  17
Mar-21,SE Asia,Melbourne,Bandar Seri Begawan,Royal Brunei Airlines,  6
Mar-21,S Asia,Melbourne,Colombo,SriLankan Airlines,  6
Mar-21,Middle East,Melbourne,Doha,Qatar Airways,  30
Mar-21,Middle East,Melbourne,Dubai,Emirates,  12
Mar-21,NE Asia,Melbourne,Guangzhou,China Southern Airlines,  5
Mar-21,SE Asia,Melbourne,Ho Chi Minh City,Vietnam Airlines,  1
Mar-21,SE Asia,Melbourne,Jakarta,Garuda Indonesia,  3
Mar-21,SE Asia,Melbourne,Kuala Lumpur,Malaysia Airlines,  4
Mar-21,SE Asia,Melbourne,Singapore,Scoot Tigerair,  5
Mar-21,SE Asia,Melbourne,Singapore,Singapore Airlines,  33
Mar-21,NE Asia,Melbourne,Taipei,China Airlines,  2
Apr-21,Middle East,Melbourne,Abu Dhabi,Etihad Airways,  17
Apr-21,New Zealand,Melbourne,Auckland,Air New Zealand,  40
Apr-21,New Zealand,Melbourne,Auckland,Jetstar,  6
Apr-21,New Zealand,Melbourne,Auckland,Qantas Airways,  15
Apr-21,SE Asia,Melbourne,Bandar Seri Begawan,Royal Brunei Airlines,  6
Apr-21,New Zealand,Melbourne,Christchurch,Air New Zealand,  12
Apr-21,New Zealand,Melbourne,Christchurch,Qantas Airways,  7
Apr-21,S Asia,Melbourne,Colombo,SriLankan Airlines,  14
Apr-21,Middle East,Melbourne,Doha,Qatar Airways,  18
Apr-21,Middle East,Melbourne,Dubai,Emirates,  11
Apr-21,NE Asia,Melbourne,Guangzhou,China Southern Airlines,  3
Apr-21,NE Asia,Melbourne,Hong Kong,Cathay Pacific Airways,  13
Apr-21,SE Asia,Melbourne,Manila,Philippine Airlines,  1
Apr-21,New Zealand,Melbourne,Queenstown,Air New Zealand,  5
Apr-21,New Zealand,Melbourne,Queenstown,Qantas Airways,  5
Apr-21,SE Asia,Melbourne,Singapore,Scoot Tigerair,  15
Apr-21,SE Asia,Melbourne,Singapore,Singapore Airlines,  30
Apr-21,NE Asia,Melbourne,Taipei,China Airlines,  2
Apr-21,New Zealand,Melbourne,Wellington,Air New Zealand,  8
Apr-21,New Zealand,Melbourne,Wellington,Qantas Airways,  12
Apr-21,Middle East,Melbourne,Abu Dhabi,Etihad Airways,  22
Apr-21,New Zealand,Melbourne,Auckland,Air New Zealand,  38
Apr-21,New Zealand,Melbourne,Auckland,Jetstar,  6
Apr-21,New Zealand,Melbourne,Auckland,Qantas Airways,  15
Apr-21,SE Asia,Melbourne,Bandar Seri Begawan,Royal Brunei Airlines,  5
Apr-21,New Zealand,Melbourne,Christchurch,Air New Zealand,  10
Apr-21,New Zealand,Melbourne,Christchurch,Qantas Airways,  7
Apr-21,S Asia,Melbourne,Colombo,SriLankan Airlines,  14
Apr-21,Middle East,Melbourne,Doha,Qatar Airways,  28
Apr-21,Middle East,Melbourne,Dubai,Emirates,  13
Apr-21,NE Asia,Melbourne,Guangzhou,China Southern Airlines,  4
Apr-21,SE Asia,Melbourne,Manila,Philippine Airlines,  1
Apr-21,New Zealand,Melbourne,Queenstown,Air New Zealand,  5
Apr-21,New Zealand,Melbourne,Queenstown,Qantas Airways,  5
Apr-21,SE Asia,Melbourne,Singapore,Scoot Tigerair,  29
Apr-21,SE Asia,Melbourne,Singapore,Singapore Airlines,  31
Apr-21,NE Asia,Melbourne,Taipei,China Airlines,  2
Apr-21,New Zealand,Melbourne,Wellington,Air New Zealand,  8
Apr-21,New Zealand,Melbourne,Wellington,Qantas Airways,  12
May-21,Middle East,Melbourne,Abu Dhabi,Etihad Airways,  18
May-21,New Zealand,Melbourne,Auckland,Air New Zealand,  66
May-21,New Zealand,Melbourne,Auckland,Jetstar,  18
May-21,New Zealand,Melbourne,Auckland,Qantas Airways,  35
May-21,SE Asia,Melbourne,Bandar Seri Begawan,Royal Brunei Airlines,  3
May-21,New Zealand,Melbourne,Christchurch,Air New Zealand,  23
May-21,New Zealand,Melbourne,Christchurch,Qantas Airways,  13
May-21,S Asia,Melbourne,Colombo,SriLankan Airlines,  10
May-21,Middle East,Melbourne,Doha,Qatar Airways,  26
May-21,Middle East,Melbourne,Dubai,Emirates,  12
May-21,NE Asia,Melbourne,Guangzhou,China Southern Airlines,  4
May-21,NE Asia,Melbourne,Hong Kong,Cathay Pacific Airways,  14
May-21,SE Asia,Melbourne,Jakarta,Garuda Indonesia,  4
May-21,SE Asia,Melbourne,Kuala Lumpur,Malaysia Airlines,  2
May-21,SE Asia,Melbourne,Manila,Philippine Airlines,  2
May-21,New Zealand,Melbourne,Queenstown,Air New Zealand,  11
May-21,New Zealand,Melbourne,Queenstown,Qantas Airways,  7
May-21,SE Asia,Melbourne,Singapore,Scoot Tigerair,  30
May-21,SE Asia,Melbourne,Singapore,Singapore Airlines,  31
May-21,NE Asia,Melbourne,Tokyo,Japan Airlines,  8
May-21,New Zealand,Melbourne,Wellington,Air New Zealand,  21
May-21,New Zealand,Melbourne,Wellington,Qantas Airways,  24
May-21,Middle East,Melbourne,Abu Dhabi,Etihad Airways,  21
May-21,New Zealand,Melbourne,Auckland,Air New Zealand,  56
May-21,New Zealand,Melbourne,Auckland,Jetstar,  18
May-21,New Zealand,Melbourne,Auckland,Qantas Airways,  28
May-21,SE Asia,Melbourne,Bandar Seri Begawan,Royal Brunei Airlines,  4
May-21,SE Asia,Melbourne,Can Tho,Vietnam Airlines,  1
May-21,New Zealand,Melbourne,Christchurch,Air New Zealand,  23
May-21,New Zealand,Melbourne,Christchurch,Qantas Airways,  13
May-21,S Asia,Melbourne,Colombo,SriLankan Airlines,  10
May-21,Middle East,Melbourne,Doha,Qatar Airways,  31
May-21,Middle East,Melbourne,Dubai,Emirates,  13
May-21,NE Asia,Melbourne,Guangzhou,China Southern Airlines,  4
May-21,NE Asia,Melbourne,Hong Kong,Cathay Pacific Airways,  13
May-21,SE Asia,Melbourne,Jakarta,Garuda Indonesia,  4
May-21,SE Asia,Melbourne,Kuala Lumpur,Malaysia Airlines,  2
May-21,SE Asia,Melbourne,Manila,Philippine Airlines,  2
May-21,New Zealand,Melbourne,Queenstown,Air New Zealand,  10
May-21,New Zealand,Melbourne,Queenstown,Qantas Airways,  7
May-21,SE Asia,Melbourne,Singapore,Scoot Tigerair,  31
May-21,SE Asia,Melbourne,Singapore,Singapore Airlines,  31
May-21,New Zealand,Melbourne,Wellington,Air New Zealand,  20
May-21,New Zealand,Melbourne,Wellington,Qantas Airways,  24
Jun-21,Middle East,Melbourne,Abu Dhabi,Etihad Airways,  22
Jun-21,New Zealand,Melbourne,Auckland,Air New Zealand,  38
Jun-21,New Zealand,Melbourne,Auckland,Jetstar,  1
Jun-21,New Zealand,Melbourne,Auckland,Qantas Airways,  9
Jun-21,SE Asia,Melbourne,Bandar Seri Begawan,Royal Brunei Airlines,  7
Jun-21,New Zealand,Melbourne,Christchurch,Air New Zealand,  5
Jun-21,New Zealand,Melbourne,Christchurch,Jetstar,  1
Jun-21,New Zealand,Melbourne,Christchurch,Qantas Airways,  6
Jun-21,S Asia,Melbourne,Colombo,SriLankan Airlines,  8
Jun-21,Middle East,Melbourne,Doha,Qatar Airways,  26
Jun-21,Middle East,Melbourne,Dubai,Emirates,  13
Jun-21,NE Asia,Melbourne,Guangzhou,China Southern Airlines,  5
Jun-21,NE Asia,Melbourne,Hong Kong,Cathay Pacific Airways,  22
Jun-21,SE Asia,Melbourne,Jakarta,Garuda Indonesia,  1
Jun-21,SE Asia,Melbourne,Kuala Lumpur,Malaysia Airlines,  2
Jun-21,SE Asia,Melbourne,Manila,Philippine Airlines,  2
Jun-21,New Zealand,Melbourne,Queenstown,Air New Zealand,  2
Jun-21,New Zealand,Melbourne,Queenstown,Jetstar,  2
Jun-21,New Zealand,Melbourne,Queenstown,Qantas Airways,  5
Jun-21,SE Asia,Melbourne,Singapore,Scoot Tigerair,  30
Jun-21,SE Asia,Melbourne,Singapore,Singapore Airlines,  38
Jun-21,NE Asia,Melbourne,Tokyo,Japan Airlines,  6
Jun-21,New Zealand,Melbourne,Wellington,Air New Zealand,  3
Jun-21,New Zealand,Melbourne,Wellington,Qantas Airways,  6
Jun-21,Middle East,Melbourne,Abu Dhabi,Etihad Airways,  22
Jun-21,New Zealand,Melbourne,Auckland,Air New Zealand,  24
Jun-21,New Zealand,Melbourne,Auckland,Jetstar,  1
Jun-21,New Zealand,Melbourne,Auckland,Qantas Airways,  4
Jun-21,SE Asia,Melbourne,Bandar Seri Begawan,Royal Brunei Airlines,  7
Jun-21,New Zealand,Melbourne,Christchurch,Air New Zealand,  5
Jun-21,New Zealand,Melbourne,Christchurch,Jetstar,  1
Jun-21,New Zealand,Melbourne,Christchurch,Qantas Airways,  3
Jun-21,S Asia,Melbourne,Colombo,SriLankan Airlines,  8
Jun-21,Middle East,Melbourne,Doha,Qatar Airways,  30
Jun-21,Middle East,Melbourne,Dubai,Emirates,  13
Jun-21,NE Asia,Melbourne,Guangzhou,China Southern Airlines,  5
Jun-21,NE Asia,Melbourne,Hong Kong,Cathay Pacific Airways,  22
Jun-21,SE Asia,Melbourne,Jakarta,Garuda Indonesia,  1
Jun-21,SE Asia,Melbourne,Kuala Lumpur,Malaysia Airlines,  2
Jun-21,SE Asia,Melbourne,Manila,Philippine Airlines,  2
Jun-21,New Zealand,Melbourne,Queenstown,Air New Zealand,  2
Jun-21,New Zealand,Melbourne,Queenstown,Jetstar,  2
Jun-21,New Zealand,Melbourne,Queenstown,Qantas Airways,  2
Jun-21,SE Asia,Melbourne,Singapore,Scoot Tigerair,  30
Jun-21,SE Asia,Melbourne,Singapore,Singapore Airlines,  38
Jun-21,New Zealand,Melbourne,Wellington,Air New Zealand,  3
Jun-21,New Zealand,Melbourne,Wellington,Qantas Airways,  4
Jul-21,Middle East,Melbourne,Abu Dhabi,Etihad Airways,  20
Jul-21,New Zealand,Melbourne,Auckland,Air New Zealand,  47
Jul-21,New Zealand,Melbourne,Auckland,Jetstar,  11
Jul-21,New Zealand,Melbourne,Auckland,Qantas Airways,  30
Jul-21,SE Asia,Melbourne,Bandar Seri Begawan,Royal Brunei Airlines,  7
Jul-21,New Zealand,Melbourne,Christchurch,Air New Zealand,  10
Jul-21,New Zealand,Melbourne,Christchurch,Jetstar,  5
Jul-21,New Zealand,Melbourne,Christchurch,Qantas Airways,  13
Jul-21,S Asia,Melbourne,Colombo,SriLankan Airlines,  12
Jul-21,Middle East,Melbourne,Doha,Qatar Airways,  25
Jul-21,Middle East,Melbourne,Dubai,Emirates,  14
Jul-21,NE Asia,Melbourne,Guangzhou,China Southern Airlines,  4
Jul-21,NE Asia,Melbourne,Hong Kong,Cathay Pacific Airways,  22
Jul-21,SE Asia,Melbourne,Kuala Lumpur,Malaysia Airlines,  2
Jul-21,SE Asia,Melbourne,Manila,Philippine Airlines,  2
Jul-21,New Zealand,Melbourne,Queenstown,Air New Zealand,  13
Jul-21,New Zealand,Melbourne,Queenstown,Jetstar,  12
Jul-21,New Zealand,Melbourne,Queenstown,Qantas Airways,  16
Jul-21,SE Asia,Melbourne,Singapore,Scoot Tigerair,  30
Jul-21,SE Asia,Melbourne,Singapore,Singapore Airlines,  61
Jul-21,NE Asia,Melbourne,Taipei,China Airlines,  4
Jul-21,NE Asia,Melbourne,Tokyo,Japan Airlines,  8
Jul-21,New Zealand,Melbourne,Wellington,Air New Zealand,  10
Jul-21,New Zealand,Melbourne,Wellington,Qantas Airways,  16
Jul-21,Middle East,Melbourne,Abu Dhabi,Etihad Airways,  20
Jul-21,New Zealand,Melbourne,Auckland,Air New Zealand,  26
Jul-21,New Zealand,Melbourne,Auckland,Jetstar,  10
Jul-21,New Zealand,Melbourne,Auckland,Qantas Airways,  18
Jul-21,SE Asia,Melbourne,Bandar Seri Begawan,Royal Brunei Airlines,  5
Jul-21,New Zealand,Melbourne,Christchurch,Air New Zealand,  10
Jul-21,New Zealand,Melbourne,Christchurch,Jetstar,  4
Jul-21,New Zealand,Melbourne,Christchurch,Qantas Airways,  10
Jul-21,S Asia,Melbourne,Colombo,SriLankan Airlines,  12
Jul-21,Middle East,Melbourne,Doha,Qatar Airways,  29
Jul-21,Middle East,Melbourne,Dubai,Emirates,  14
Jul-21,NE Asia,Melbourne,Guangzhou,China Southern Airlines,  4
Jul-21,NE Asia,Melbourne,Hong Kong,Cathay Pacific Airways,  24
Jul-21,SE Asia,Melbourne,Kuala Lumpur,Malaysia Airlines,  2
Jul-21,SE Asia,Melbourne,Manila,Philippine Airlines,  2
Jul-21,New Zealand,Melbourne,Queenstown,Air New Zealand,  12
Jul-21,New Zealand,Melbourne,Queenstown,Jetstar,  8
Jul-21,New Zealand,Melbourne,Queenstown,Qantas Airways,  11
Jul-21,SE Asia,Melbourne,Singapore,Scoot Tigerair,  29
Jul-21,SE Asia,Melbourne,Singapore,Singapore Airlines,  62
Jul-21,NE Asia,Melbourne,Taipei,China Airlines,  4
Jul-21,New Zealand,Melbourne,Wellington,Air New Zealand,  10
Jul-21,New Zealand,Melbourne,Wellington,Qantas Airways,  13
Aug-21,Middle East,Melbourne,Abu Dhabi,Etihad Airways,  21
Aug-21,New Zealand,Melbourne,Auckland,Air New Zealand,  17
Aug-21,SE Asia,Melbourne,Bandar Seri Begawan,Royal Brunei Airlines,  5
Aug-21,S Asia,Melbourne,Colombo,SriLankan Airlines,  9
Aug-21,Middle East,Melbourne,Doha,Qatar Airways,  19
Aug-21,Middle East,Melbourne,Dubai,Emirates,  13
Aug-21,NE Asia,Melbourne,Guangzhou,China Southern Airlines,  4
Aug-21,SE Asia,Melbourne,Ho Chi Minh City,Vietnam Airlines,  4
Aug-21,NE Asia,Melbourne,Hong Kong,Cathay Pacific Airways,  23
Aug-21,SE Asia,Melbourne,Kuala Lumpur,Malaysia Airlines,  2
Aug-21,SE Asia,Melbourne,Manila,Philippine Airlines,  2
Aug-21,SE Asia,Melbourne,Singapore,Scoot Tigerair,  30
Aug-21,SE Asia,Melbourne,Singapore,Singapore Airlines,  62
Aug-21,NE Asia,Melbourne,Taipei,China Airlines,  2
Aug-21,NE Asia,Melbourne,Tokyo,Japan Airlines,  9
Aug-21,Middle East,Melbourne,Abu Dhabi,Etihad Airways,  21
Aug-21,New Zealand,Melbourne,Auckland,Air New Zealand,  1
Aug-21,SE Asia,Melbourne,Bandar Seri Begawan,Royal Brunei Airlines,  6
Aug-21,S Asia,Melbourne,Colombo,SriLankan Airlines,  9
Aug-21,Middle East,Melbourne,Doha,Qatar Airways,  19
Aug-21,Middle East,Melbourne,Dubai,Emirates,  12
Aug-21,NE Asia,Melbourne,Guangzhou,China Southern Airlines,  4
Aug-21,NE Asia,Melbourne,Hong Kong,Cathay Pacific Airways,  24
Aug-21,SE Asia,Melbourne,Kuala Lumpur,Malaysia Airlines,  2
Aug-21,SE Asia,Melbourne,Manila,Philippine Airlines,  2
Aug-21,SE Asia,Melbourne,Singapore,Scoot Tigerair,  21
Aug-21,SE Asia,Melbourne,Singapore,Singapore Airlines,  62
Aug-21,NE Asia,Melbourne,Taipei,China Airlines,  2
Sep-21,Middle East,Melbourne,Abu Dhabi,Etihad Airways,  17
Sep-21,New Zealand,Melbourne,Auckland,Air New Zealand,  4
Sep-21,SE Asia,Melbourne,Bandar Seri Begawan,Royal Brunei Airlines,  5
Sep-21,S Asia,Melbourne,Colombo,SriLankan Airlines,  8
Sep-21,Middle East,Melbourne,Doha,Qatar Airways,  17
Sep-21,Middle East,Melbourne,Dubai,Emirates,  13
Sep-21,NE Asia,Melbourne,Guangzhou,China Southern Airlines,  5
Sep-21,SE Asia,Melbourne,Ho Chi Minh City,Vietnam Airlines,  4
Sep-21,NE Asia,Melbourne,Hong Kong,Cathay Pacific Airways,  23
Sep-21,SE Asia,Melbourne,Kuala Lumpur,Malaysia Airlines,  2
Sep-21,SE Asia,Melbourne,Manila,Philippine Airlines,  1
Sep-21,SE Asia,Melbourne,Singapore,Scoot Tigerair,  30
Sep-21,SE Asia,Melbourne,Singapore,Singapore Airlines,  60
Sep-21,NE Asia,Melbourne,Taipei,China Airlines,  2
Sep-21,NE Asia,Melbourne,Tokyo,Japan Airlines,  9
Sep-21,Middle East,Melbourne,Abu Dhabi,Etihad Airways,  17
Sep-21,New Zealand,Melbourne,Auckland,Air New Zealand,  1
Sep-21,SE Asia,Melbourne,Bandar Seri Begawan,Royal Brunei Airlines,  4
Sep-21,S Asia,Melbourne,Colombo,SriLankan Airlines,  8
Sep-21,Middle East,Melbourne,Doha,Qatar Airways,  17
Sep-21,Middle East,Melbourne,Dubai,Emirates,  12
Sep-21,NE Asia,Melbourne,Guangzhou,China Southern Airlines,  5
Sep-21,NE Asia,Melbourne,Hong Kong,Cathay Pacific Airways,  24
Sep-21,SE Asia,Melbourne,Kuala Lumpur,Malaysia Airlines,  2
Sep-21,SE Asia,Melbourne,Manila,Philippine Airlines,  1
Sep-21,SE Asia,Melbourne,Singapore,Scoot Tigerair,  20
Sep-21,SE Asia,Melbourne,Singapore,Singapore Airlines,  60
Sep-21,NE Asia,Melbourne,Taipei,China Airlines,  2
Oct-21,Middle East,Melbourne,Abu Dhabi,Etihad Airways,  18
Oct-21,New Zealand,Melbourne,Auckland,Air New Zealand,  4
Oct-21,SE Asia,Melbourne,Bandar Seri Begawan,Royal Brunei Airlines,  7
Oct-21,S Asia,Melbourne,Colombo,SriLankan Airlines,  9
Oct-21,Middle East,Melbourne,Doha,Qatar Airways,  14
Oct-21,Middle East,Melbourne,Dubai,Emirates,  13
Oct-21,NE Asia,Melbourne,Guangzhou,China Southern Airlines,  4
Oct-21,SE Asia,Melbourne,Ho Chi Minh City,Vietnam Airlines,  4
Oct-21,NE Asia,Melbourne,Hong Kong,Cathay Pacific Airways,  30
Oct-21,SE Asia,Melbourne,Kuala Lumpur,Malaysia Airlines,  2
Oct-21,SE Asia,Melbourne,Manila,Philippine Airlines,  2
Oct-21,SE Asia,Melbourne,Singapore,Scoot Tigerair,  31
Oct-21,SE Asia,Melbourne,Singapore,Singapore Airlines,  62
Oct-21,NE Asia,Melbourne,Taipei,China Airlines,  2
Oct-21,NE Asia,Melbourne,Tokyo,Japan Airlines,  8
Oct-21,Middle East,Melbourne,Abu Dhabi,Etihad Airways,  18
Oct-21,New Zealand,Melbourne,Auckland,Air New Zealand,  5
Oct-21,SE Asia,Melbourne,Bandar Seri Begawan,Royal Brunei Airlines,  1
Oct-21,S Asia,Melbourne,Colombo,SriLankan Airlines,  9
Oct-21,Middle East,Melbourne,Doha,Qatar Airways,  14
Oct-21,Middle East,Melbourne,Dubai,Emirates,  14
Oct-21,NE Asia,Melbourne,Guangzhou,China Southern Airlines,  4
Oct-21,SE Asia,Melbourne,Ho Chi Minh City,Vietnam Airlines,  1
Oct-21,NE Asia,Melbourne,Hong Kong,Cathay Pacific Airways,  30
Oct-21,SE Asia,Melbourne,Kuala Lumpur,Malaysia Airlines,  2
Oct-21,SE Asia,Melbourne,Manila,Philippine Airlines,  2
Oct-21,SE Asia,Melbourne,Singapore,Scoot Tigerair,  27
Oct-21,SE Asia,Melbourne,Singapore,Singapore Airlines,  61
Oct-21,NE Asia,Melbourne,Taipei,China Airlines,  2
Nov-21,Middle East,Melbourne,Abu Dhabi,Etihad Airways,  17
Nov-21,New Zealand,Melbourne,Auckland,Air New Zealand,  16
Nov-21,SE Asia,Melbourne,Bandar Seri Begawan,Royal Brunei Airlines,  7
Nov-21,S Asia,Melbourne,Colombo,SriLankan Airlines,  13
Nov-21,Middle East,Melbourne,Doha,Qatar Airways,  12
Nov-21,Middle East,Melbourne,Dubai,Emirates,  17
Nov-21,NE Asia,Melbourne,Guangzhou,China Southern Airlines,  4
Nov-21,SE Asia,Melbourne,Ho Chi Minh City,Vietnam Airlines,  4
Nov-21,NE Asia,Melbourne,Hong Kong,Cathay Pacific Airways,  40
Nov-21,SE Asia,Melbourne,Kuala Lumpur,Malaysia Airlines,  6
Nov-21,Europe,Melbourne,London,Qantas Airways,  1
Nov-21,N America,Melbourne,Los Angeles,Qantas Airways,  1
Nov-21,SE Asia,Melbourne,Manila,Philippine Airlines,  5
Nov-21,SE Asia,Melbourne,Singapore,Qantas Airways,  4
Nov-21,SE Asia,Melbourne,Singapore,Scoot Tigerair,  30
Nov-21,SE Asia,Melbourne,Singapore,Singapore Airlines,  60
Nov-21,NE Asia,Melbourne,Taipei,China Airlines,  2
Nov-21,NE Asia,Melbourne,Tokyo,Japan Airlines,  9
Nov-21,Middle East,Melbourne,Abu Dhabi,Etihad Airways,  17
Nov-21,New Zealand,Melbourne,Auckland,Air New Zealand,  16
Nov-21,SE Asia,Melbourne,Bandar Seri Begawan,Royal Brunei Airlines,  5
Nov-21,S Asia,Melbourne,Colombo,SriLankan Airlines,  12
Nov-21,SE Asia,Melbourne,Da Nang,Vietnam Airlines,  1
Nov-21,Middle East,Melbourne,Doha,Qatar Airways,  12
Nov-21,Middle East,Melbourne,Dubai,Emirates,  16
Nov-21,NE Asia,Melbourne,Guangzhou,China Southern Airlines,  4
Nov-21,NE Asia,Melbourne,Hong Kong,Cathay Pacific Airways,  39
Nov-21,SE Asia,Melbourne,Kuala Lumpur,Malaysia Airlines,  6
Nov-21,Europe,Melbourne,London,Qantas Airways,  2
Nov-21,SE Asia,Melbourne,Manila,Philippine Airlines,  5
Nov-21,SE Asia,Melbourne,Singapore,Qantas Airways,  4
Nov-21,SE Asia,Melbourne,Singapore,Scoot Tigerair,  30
Nov-21,SE Asia,Melbourne,Singapore,Singapore Airlines,  60
Nov-21,NE Asia,Melbourne,Taipei,China Airlines,  1
Dec-21,Middle East,Melbourne,Abu Dhabi,Etihad Airways,  21
Dec-21,New Zealand,Melbourne,Auckland,Air New Zealand,  19
Dec-21,SE Asia,Melbourne,Bandar Seri Begawan,Royal Brunei Airlines,  9
Dec-21,S Asia,Melbourne,Colombo,SriLankan Airlines,  16
Dec-21,Middle East,Melbourne,Doha,Qatar Airways,  31
Dec-21,Middle East,Melbourne,Dubai,Emirates,  31
Dec-21,NE Asia,Melbourne,Guangzhou,China Southern Airlines,  5
Dec-21,SE Asia,Melbourne,Ho Chi Minh City,Vietnam Airlines,  8
Dec-21,NE Asia,Melbourne,Hong Kong,Cathay Pacific Airways,  38
Dec-21,SE Asia,Melbourne,Jakarta,Garuda Indonesia,  1
Dec-21,SE Asia,Melbourne,Kuala Lumpur,Malaysia Airlines,  13
Dec-21,Europe,Melbourne,London,Qantas Airways,  12
Dec-21,N America,Melbourne,Los Angeles,Qantas Airways,  5
Dec-21,SE Asia,Melbourne,Manila,Philippine Airlines,  5
Dec-21,SE Asia,Melbourne,Manila,Philippine Airlines,  3
Dec-21,Islands,Melbourne,Nadi,Fiji Airways,  35
Dec-21,Islands,Melbourne,Nadi,Virgin Australia,  8
Dec-21,S Asia,Melbourne,New Delhi,Air India,  7
Dec-21,S Asia,Melbourne,New Delhi,Qantas Airways,  5
Dec-21,SE Asia,Melbourne,Singapore,Jetstar,  7
Dec-21,SE Asia,Melbourne,Singapore,Qantas Airways,  14
Dec-21,SE Asia,Melbourne,Singapore,Scoot Tigerair,  31
Dec-21,SE Asia,Melbourne,Singapore,Singapore Airlines,  62
Dec-21,NE Asia,Melbourne,Taipei,China Airlines,  2
Dec-21,NE Asia,Melbourne,Tokyo,Japan Airlines,  9
Dec-21,Middle East,Melbourne,Abu Dhabi,Etihad Airways,  20
Dec-21,New Zealand,Melbourne,Auckland,Air New Zealand,  19
Dec-21,SE Asia,Melbourne,Bandar Seri Begawan,Royal Brunei Airlines,  9
Dec-21,S Asia,Melbourne,Colombo,SriLankan Airlines,  17
Dec-21,Middle East,Melbourne,Doha,Qatar Airways,  30
Dec-21,Middle East,Melbourne,Dubai,Emirates,  31
Dec-21,NE Asia,Melbourne,Guangzhou,China Southern Airlines,  5
Dec-21,SE Asia,Melbourne,Hanoi,Vietnam Airlines,  1
Dec-21,SE Asia,Melbourne,Ho Chi Minh City,Vietnam Airlines,  1
Dec-21,NE Asia,Melbourne,Hong Kong,Cathay Pacific Airways,  38
Dec-21,SE Asia,Melbourne,Kuala Lumpur,Malaysia Airlines,  12
Dec-21,Europe,Melbourne,London,Qantas Airways,  11
Dec-21,N America,Melbourne,Los Angeles,Qantas Airways,  6
Dec-21,SE Asia,Melbourne,Manila,Philippine Airlines,  5
Dec-21,SE Asia,Melbourne,Manila,Philippine Airlines,  3
Dec-21,Islands,Melbourne,Nadi,Fiji Airways,  34
Dec-21,Islands,Melbourne,Nadi,Virgin Australia,  8
Dec-21,S Asia,Melbourne,New Delhi,Air India,  7
Dec-21,S Asia,Melbourne,New Delhi,Qantas Airways,  5
Dec-21,SE Asia,Melbourne,Singapore,Jetstar,  7
Dec-21,SE Asia,Melbourne,Singapore,Qantas Airways,  14
Dec-21,SE Asia,Melbourne,Singapore,Scoot Tigerair,  31
Dec-21,SE Asia,Melbourne,Singapore,Singapore Airlines,  62
Dec-21,NE Asia,Melbourne,Taipei,China Airlines,  2
Dec-21,NE Asia,Melbourne,Tokyo,Japan Airlines,  4